1234567890,55,5800,0,shampoo,the world's greatest shampoo
1234567891,56,5801,1,shampoo,the world's greatest shampoo
1234567892,57,5802,2,shampoo,the world's greatest shampoo
1234567893,58,5803,3,shampoo,the world's greatest shampoo
1234567894,59,5804,4,shampoo,the world's greatest shampoo
1234567895,60,5805,5,shampoo,the world's greatest shampoo
1234567896,61,5806,6,shampoo,the world's greatest shampoo
1234567897,62,5807,7,shampoo,the world's greatest shampoo
1234567898,63,5808,8,shampoo,the world's greatest shampoo
1234567899,64,5809,9,shampoo,the world's greatest shampoo
1234567900,65,5810,10,shampoo,the world's greatest shampoo
1234567901,66,5811,11,shampoo,the world's greatest shampoo
1234567902,67,5812,12,shampoo,the world's greatest shampoo
1234567903,68,5813,13,shampoo,the world's greatest shampoo
1234567904,69,5814,14,shampoo,the world's greatest shampoo
1234567905,70,5815,15,shampoo,the world's greatest shampoo
1234567906,71,5816,16,shampoo,the world's greatest shampoo
1234567907,72,5817,17,shampoo,the world's greatest shampoo
1234567908,73,5818,18,shampoo,the world's greatest shampoo
1234567909,74,5819,19,shampoo,the world's greatest shampoo
1234567910,75,5820,20,shampoo,the world's greatest shampoo
1234567911,76,5821,21,shampoo,the world's greatest shampoo
1234567912,77,5822,22,shampoo,the world's greatest shampoo
1234567913,78,5823,23,shampoo,the world's greatest shampoo
1234567914,79,5824,24,shampoo,the world's greatest shampoo
1234567915,80,5825,25,shampoo,the world's greatest shampoo
1234567916,81,5826,26,shampoo,the world's greatest shampoo
1234567917,82,5827,27,shampoo,the world's greatest shampoo
1234567918,83,5828,28,shampoo,the world's greatest shampoo
1234567919,84,5829,29,shampoo,the world's greatest shampoo
1234567920,85,5830,30,shampoo,the world's greatest shampoo
1234567921,86,5831,31,shampoo,the world's greatest shampoo
1234567922,87,5832,32,shampoo,the world's greatest shampoo
1234567923,88,5833,33,shampoo,the world's greatest shampoo
1234567924,89,5834,34,shampoo,the world's greatest shampoo
1234567925,90,5835,35,shampoo,the world's greatest shampoo
1234567926,91,5836,36,shampoo,the world's greatest shampoo
1234567927,92,5837,37,shampoo,the world's greatest shampoo
1234567928,93,5838,38,shampoo,the world's greatest shampoo
1234567929,94,5839,39,shampoo,the world's greatest shampoo
1234567930,95,5840,40,shampoo,the world's greatest shampoo
1234567931,96,5841,41,shampoo,the world's greatest shampoo
1234567932,97,5842,42,shampoo,the world's greatest shampoo
1234567933,98,5843,43,shampoo,the world's greatest shampoo
1234567934,99,5844,44,shampoo,the world's greatest shampoo
1234567935,100,5845,45,shampoo,the world's greatest shampoo
1234567936,101,5846,46,shampoo,the world's greatest shampoo
1234567937,102,5847,47,shampoo,the world's greatest shampoo
1234567938,103,5848,48,shampoo,the world's greatest shampoo
1234567939,104,5849,49,shampoo,the world's greatest shampoo
1234567940,105,5850,50,shampoo,the world's greatest shampoo
1234567941,106,5851,51,shampoo,the world's greatest shampoo
1234567942,107,5852,52,shampoo,the world's greatest shampoo
1234567943,108,5853,53,shampoo,the world's greatest shampoo
1234567944,109,5854,54,shampoo,the world's greatest shampoo
1234567945,110,5855,55,shampoo,the world's greatest shampoo
1234567946,111,5856,56,shampoo,the world's greatest shampoo
1234567947,112,5857,57,shampoo,the world's greatest shampoo
1234567948,113,5858,58,shampoo,the world's greatest shampoo
1234567949,114,5859,59,shampoo,the world's greatest shampoo
1234567950,115,5860,60,shampoo,the world's greatest shampoo
1234567951,116,5861,61,shampoo,the world's greatest shampoo
1234567952,117,5862,62,shampoo,the world's greatest shampoo
1234567953,118,5863,63,shampoo,the world's greatest shampoo
1234567954,119,5864,64,shampoo,the world's greatest shampoo
1234567955,120,5865,65,shampoo,the world's greatest shampoo
1234567956,121,5866,66,shampoo,the world's greatest shampoo
1234567957,122,5867,67,shampoo,the world's greatest shampoo
1234567958,123,5868,68,shampoo,the world's greatest shampoo
1234567959,124,5869,69,shampoo,the world's greatest shampoo
1234567960,125,5870,70,shampoo,the world's greatest shampoo
1234567961,126,5871,71,shampoo,the world's greatest shampoo
1234567962,127,5872,72,shampoo,the world's greatest shampoo
1234567963,128,5873,73,shampoo,the world's greatest shampoo
1234567964,129,5874,74,shampoo,the world's greatest shampoo
1234567965,130,5875,75,shampoo,the world's greatest shampoo
1234567966,131,5876,76,shampoo,the world's greatest shampoo
1234567967,132,5877,77,shampoo,the world's greatest shampoo
1234567968,133,5878,78,shampoo,the world's greatest shampoo
1234567969,134,5879,79,shampoo,the world's greatest shampoo
1234567970,135,5880,80,shampoo,the world's greatest shampoo
1234567971,136,5881,81,shampoo,the world's greatest shampoo
1234567972,137,5882,82,shampoo,the world's greatest shampoo
1234567973,138,5883,83,shampoo,the world's greatest shampoo
1234567974,139,5884,84,shampoo,the world's greatest shampoo
1234567975,140,5885,85,shampoo,the world's greatest shampoo
1234567976,141,5886,86,shampoo,the world's greatest shampoo
1234567977,142,5887,87,shampoo,the world's greatest shampoo
1234567978,143,5888,88,shampoo,the world's greatest shampoo
1234567979,144,5889,89,shampoo,the world's greatest shampoo
1234567980,145,5890,90,shampoo,the world's greatest shampoo
1234567981,146,5891,91,shampoo,the world's greatest shampoo
1234567982,147,5892,92,shampoo,the world's greatest shampoo
1234567983,148,5893,93,shampoo,the world's greatest shampoo
1234567984,149,5894,94,shampoo,the world's greatest shampoo
1234567985,150,5895,95,shampoo,the world's greatest shampoo
1234567986,151,5896,96,shampoo,the world's greatest shampoo
1234567987,152,5897,97,shampoo,the world's greatest shampoo
1234567988,153,5898,98,shampoo,the world's greatest shampoo
1234567989,154,5899,99,shampoo,the world's greatest shampoo
1234567990,155,5900,100,shampoo,the world's greatest shampoo
1234567991,156,5901,101,shampoo,the world's greatest shampoo
1234567992,157,5902,102,shampoo,the world's greatest shampoo
1234567993,158,5903,103,shampoo,the world's greatest shampoo
1234567994,159,5904,104,shampoo,the world's greatest shampoo
1234567995,160,5905,105,shampoo,the world's greatest shampoo
1234567996,161,5906,106,shampoo,the world's greatest shampoo
1234567997,162,5907,107,shampoo,the world's greatest shampoo
1234567998,163,5908,108,shampoo,the world's greatest shampoo
1234567999,164,5909,109,shampoo,the world's greatest shampoo
1234568000,165,5910,110,shampoo,the world's greatest shampoo
1234568001,166,5911,111,shampoo,the world's greatest shampoo
1234568002,167,5912,112,shampoo,the world's greatest shampoo
1234568003,168,5913,113,shampoo,the world's greatest shampoo
1234568004,169,5914,114,shampoo,the world's greatest shampoo
1234568005,170,5915,115,shampoo,the world's greatest shampoo
1234568006,171,5916,116,shampoo,the world's greatest shampoo
1234568007,172,5917,117,shampoo,the world's greatest shampoo
1234568008,173,5918,118,shampoo,the world's greatest shampoo
1234568009,174,5919,119,shampoo,the world's greatest shampoo
1234568010,175,5920,120,shampoo,the world's greatest shampoo
1234568011,176,5921,121,shampoo,the world's greatest shampoo
1234568012,177,5922,122,shampoo,the world's greatest shampoo
1234568013,178,5923,123,shampoo,the world's greatest shampoo
1234568014,179,5924,124,shampoo,the world's greatest shampoo
1234568015,180,5925,125,shampoo,the world's greatest shampoo
1234568016,181,5926,126,shampoo,the world's greatest shampoo
1234568017,182,5927,127,shampoo,the world's greatest shampoo
1234568018,183,5928,128,shampoo,the world's greatest shampoo
1234568019,184,5929,129,shampoo,the world's greatest shampoo
1234568020,185,5930,130,shampoo,the world's greatest shampoo
1234568021,186,5931,131,shampoo,the world's greatest shampoo
1234568022,187,5932,132,shampoo,the world's greatest shampoo
1234568023,188,5933,133,shampoo,the world's greatest shampoo
1234568024,189,5934,134,shampoo,the world's greatest shampoo
1234568025,190,5935,135,shampoo,the world's greatest shampoo
1234568026,191,5936,136,shampoo,the world's greatest shampoo
1234568027,192,5937,137,shampoo,the world's greatest shampoo
1234568028,193,5938,138,shampoo,the world's greatest shampoo
1234568029,194,5939,139,shampoo,the world's greatest shampoo
1234568030,195,5940,140,shampoo,the world's greatest shampoo
1234568031,196,5941,141,shampoo,the world's greatest shampoo
1234568032,197,5942,142,shampoo,the world's greatest shampoo
1234568033,198,5943,143,shampoo,the world's greatest shampoo
1234568034,199,5944,144,shampoo,the world's greatest shampoo
1234568035,200,5945,145,shampoo,the world's greatest shampoo
1234568036,201,5946,146,shampoo,the world's greatest shampoo
1234568037,202,5947,147,shampoo,the world's greatest shampoo
1234568038,203,5948,148,shampoo,the world's greatest shampoo
1234568039,204,5949,149,shampoo,the world's greatest shampoo
1234568040,205,5950,150,shampoo,the world's greatest shampoo
1234568041,206,5951,151,shampoo,the world's greatest shampoo
1234568042,207,5952,152,shampoo,the world's greatest shampoo
1234568043,208,5953,153,shampoo,the world's greatest shampoo
1234568044,209,5954,154,shampoo,the world's greatest shampoo
1234568045,210,5955,155,shampoo,the world's greatest shampoo
1234568046,211,5956,156,shampoo,the world's greatest shampoo
1234568047,212,5957,157,shampoo,the world's greatest shampoo
1234568048,213,5958,158,shampoo,the world's greatest shampoo
1234568049,214,5959,159,shampoo,the world's greatest shampoo
1234568050,215,5960,160,shampoo,the world's greatest shampoo
1234568051,216,5961,161,shampoo,the world's greatest shampoo
1234568052,217,5962,162,shampoo,the world's greatest shampoo
1234568053,218,5963,163,shampoo,the world's greatest shampoo
1234568054,219,5964,164,shampoo,the world's greatest shampoo
1234568055,220,5965,165,shampoo,the world's greatest shampoo
1234568056,221,5966,166,shampoo,the world's greatest shampoo
1234568057,222,5967,167,shampoo,the world's greatest shampoo
1234568058,223,5968,168,shampoo,the world's greatest shampoo
1234568059,224,5969,169,shampoo,the world's greatest shampoo
1234568060,225,5970,170,shampoo,the world's greatest shampoo
1234568061,226,5971,171,shampoo,the world's greatest shampoo
1234568062,227,5972,172,shampoo,the world's greatest shampoo
1234568063,228,5973,173,shampoo,the world's greatest shampoo
1234568064,229,5974,174,shampoo,the world's greatest shampoo
1234568065,230,5975,175,shampoo,the world's greatest shampoo
1234568066,231,5976,176,shampoo,the world's greatest shampoo
1234568067,232,5977,177,shampoo,the world's greatest shampoo
1234568068,233,5978,178,shampoo,the world's greatest shampoo
1234568069,234,5979,179,shampoo,the world's greatest shampoo
1234568070,235,5980,180,shampoo,the world's greatest shampoo
1234568071,236,5981,181,shampoo,the world's greatest shampoo
1234568072,237,5982,182,shampoo,the world's greatest shampoo
1234568073,238,5983,183,shampoo,the world's greatest shampoo
1234568074,239,5984,184,shampoo,the world's greatest shampoo
1234568075,240,5985,185,shampoo,the world's greatest shampoo
1234568076,241,5986,186,shampoo,the world's greatest shampoo
1234568077,242,5987,187,shampoo,the world's greatest shampoo
1234568078,243,5988,188,shampoo,the world's greatest shampoo
1234568079,244,5989,189,shampoo,the world's greatest shampoo
1234568080,245,5990,190,shampoo,the world's greatest shampoo
1234568081,246,5991,191,shampoo,the world's greatest shampoo
1234568082,247,5992,192,shampoo,the world's greatest shampoo
1234568083,248,5993,193,shampoo,the world's greatest shampoo
1234568084,249,5994,194,shampoo,the world's greatest shampoo
1234568085,250,5995,195,shampoo,the world's greatest shampoo
1234568086,251,5996,196,shampoo,the world's greatest shampoo
1234568087,252,5997,197,shampoo,the world's greatest shampoo
1234568088,253,5998,198,shampoo,the world's greatest shampoo
1234568089,254,5999,199,shampoo,the world's greatest shampoo
1234568090,255,6000,200,shampoo,the world's greatest shampoo
1234568091,256,6001,201,shampoo,the world's greatest shampoo
1234568092,257,6002,202,shampoo,the world's greatest shampoo
1234568093,258,6003,203,shampoo,the world's greatest shampoo
1234568094,259,6004,204,shampoo,the world's greatest shampoo
1234568095,260,6005,205,shampoo,the world's greatest shampoo
1234568096,261,6006,206,shampoo,the world's greatest shampoo
1234568097,262,6007,207,shampoo,the world's greatest shampoo
1234568098,263,6008,208,shampoo,the world's greatest shampoo
1234568099,264,6009,209,shampoo,the world's greatest shampoo
1234568100,265,6010,210,shampoo,the world's greatest shampoo
1234568101,266,6011,211,shampoo,the world's greatest shampoo
1234568102,267,6012,212,shampoo,the world's greatest shampoo
1234568103,268,6013,213,shampoo,the world's greatest shampoo
1234568104,269,6014,214,shampoo,the world's greatest shampoo
1234568105,270,6015,215,shampoo,the world's greatest shampoo
1234568106,271,6016,216,shampoo,the world's greatest shampoo
1234568107,272,6017,217,shampoo,the world's greatest shampoo
1234568108,273,6018,218,shampoo,the world's greatest shampoo
1234568109,274,6019,219,shampoo,the world's greatest shampoo
1234568110,275,6020,220,shampoo,the world's greatest shampoo
1234568111,276,6021,221,shampoo,the world's greatest shampoo
1234568112,277,6022,222,shampoo,the world's greatest shampoo
1234568113,278,6023,223,shampoo,the world's greatest shampoo
1234568114,279,6024,224,shampoo,the world's greatest shampoo
1234568115,280,6025,225,shampoo,the world's greatest shampoo
1234568116,281,6026,226,shampoo,the world's greatest shampoo
1234568117,282,6027,227,shampoo,the world's greatest shampoo
1234568118,283,6028,228,shampoo,the world's greatest shampoo
1234568119,284,6029,229,shampoo,the world's greatest shampoo
1234568120,285,6030,230,shampoo,the world's greatest shampoo
1234568121,286,6031,231,shampoo,the world's greatest shampoo
1234568122,287,6032,232,shampoo,the world's greatest shampoo
1234568123,288,6033,233,shampoo,the world's greatest shampoo
1234568124,289,6034,234,shampoo,the world's greatest shampoo
1234568125,290,6035,235,shampoo,the world's greatest shampoo
1234568126,291,6036,236,shampoo,the world's greatest shampoo
1234568127,292,6037,237,shampoo,the world's greatest shampoo
1234568128,293,6038,238,shampoo,the world's greatest shampoo
1234568129,294,6039,239,shampoo,the world's greatest shampoo
1234568130,295,6040,240,shampoo,the world's greatest shampoo
1234568131,296,6041,241,shampoo,the world's greatest shampoo
1234568132,297,6042,242,shampoo,the world's greatest shampoo
1234568133,298,6043,243,shampoo,the world's greatest shampoo
1234568134,299,6044,244,shampoo,the world's greatest shampoo
1234568135,300,6045,245,shampoo,the world's greatest shampoo
1234568136,301,6046,246,shampoo,the world's greatest shampoo
1234568137,302,6047,247,shampoo,the world's greatest shampoo
1234568138,303,6048,248,shampoo,the world's greatest shampoo
1234568139,304,6049,249,shampoo,the world's greatest shampoo
1234568140,305,6050,250,shampoo,the world's greatest shampoo
1234568141,306,6051,251,shampoo,the world's greatest shampoo
1234568142,307,6052,252,shampoo,the world's greatest shampoo
1234568143,308,6053,253,shampoo,the world's greatest shampoo
1234568144,309,6054,254,shampoo,the world's greatest shampoo
1234568145,310,6055,255,shampoo,the world's greatest shampoo
1234568146,311,6056,256,shampoo,the world's greatest shampoo
1234568147,312,6057,257,shampoo,the world's greatest shampoo
1234568148,313,6058,258,shampoo,the world's greatest shampoo
1234568149,314,6059,259,shampoo,the world's greatest shampoo
1234568150,315,6060,260,shampoo,the world's greatest shampoo
1234568151,316,6061,261,shampoo,the world's greatest shampoo
1234568152,317,6062,262,shampoo,the world's greatest shampoo
1234568153,318,6063,263,shampoo,the world's greatest shampoo
1234568154,319,6064,264,shampoo,the world's greatest shampoo
1234568155,320,6065,265,shampoo,the world's greatest shampoo
1234568156,321,6066,266,shampoo,the world's greatest shampoo
1234568157,322,6067,267,shampoo,the world's greatest shampoo
1234568158,323,6068,268,shampoo,the world's greatest shampoo
1234568159,324,6069,269,shampoo,the world's greatest shampoo
1234568160,325,6070,270,shampoo,the world's greatest shampoo
1234568161,326,6071,271,shampoo,the world's greatest shampoo
1234568162,327,6072,272,shampoo,the world's greatest shampoo
1234568163,328,6073,273,shampoo,the world's greatest shampoo
1234568164,329,6074,274,shampoo,the world's greatest shampoo
1234568165,330,6075,275,shampoo,the world's greatest shampoo
1234568166,331,6076,276,shampoo,the world's greatest shampoo
1234568167,332,6077,277,shampoo,the world's greatest shampoo
1234568168,333,6078,278,shampoo,the world's greatest shampoo
1234568169,334,6079,279,shampoo,the world's greatest shampoo
1234568170,335,6080,280,shampoo,the world's greatest shampoo
1234568171,336,6081,281,shampoo,the world's greatest shampoo
1234568172,337,6082,282,shampoo,the world's greatest shampoo
1234568173,338,6083,283,shampoo,the world's greatest shampoo
1234568174,339,6084,284,shampoo,the world's greatest shampoo
1234568175,340,6085,285,shampoo,the world's greatest shampoo
1234568176,341,6086,286,shampoo,the world's greatest shampoo
1234568177,342,6087,287,shampoo,the world's greatest shampoo
1234568178,343,6088,288,shampoo,the world's greatest shampoo
1234568179,344,6089,289,shampoo,the world's greatest shampoo
1234568180,345,6090,290,shampoo,the world's greatest shampoo
1234568181,346,6091,291,shampoo,the world's greatest shampoo
1234568182,347,6092,292,shampoo,the world's greatest shampoo
1234568183,348,6093,293,shampoo,the world's greatest shampoo
1234568184,349,6094,294,shampoo,the world's greatest shampoo
1234568185,350,6095,295,shampoo,the world's greatest shampoo
1234568186,351,6096,296,shampoo,the world's greatest shampoo
1234568187,352,6097,297,shampoo,the world's greatest shampoo
1234568188,353,6098,298,shampoo,the world's greatest shampoo
1234568189,354,6099,299,shampoo,the world's greatest shampoo
1234568190,355,6100,300,shampoo,the world's greatest shampoo
1234568191,356,6101,301,shampoo,the world's greatest shampoo
1234568192,357,6102,302,shampoo,the world's greatest shampoo
1234568193,358,6103,303,shampoo,the world's greatest shampoo
1234568194,359,6104,304,shampoo,the world's greatest shampoo
1234568195,360,6105,305,shampoo,the world's greatest shampoo
1234568196,361,6106,306,shampoo,the world's greatest shampoo
1234568197,362,6107,307,shampoo,the world's greatest shampoo
1234568198,363,6108,308,shampoo,the world's greatest shampoo
1234568199,364,6109,309,shampoo,the world's greatest shampoo
1234568200,365,6110,310,shampoo,the world's greatest shampoo
1234568201,366,6111,311,shampoo,the world's greatest shampoo
1234568202,367,6112,312,shampoo,the world's greatest shampoo
1234568203,368,6113,313,shampoo,the world's greatest shampoo
1234568204,369,6114,314,shampoo,the world's greatest shampoo
1234568205,370,6115,315,shampoo,the world's greatest shampoo
1234568206,371,6116,316,shampoo,the world's greatest shampoo
1234568207,372,6117,317,shampoo,the world's greatest shampoo
1234568208,373,6118,318,shampoo,the world's greatest shampoo
1234568209,374,6119,319,shampoo,the world's greatest shampoo
1234568210,375,6120,320,shampoo,the world's greatest shampoo
1234568211,376,6121,321,shampoo,the world's greatest shampoo
1234568212,377,6122,322,shampoo,the world's greatest shampoo
1234568213,378,6123,323,shampoo,the world's greatest shampoo
1234568214,379,6124,324,shampoo,the world's greatest shampoo
1234568215,380,6125,325,shampoo,the world's greatest shampoo
1234568216,381,6126,326,shampoo,the world's greatest shampoo
1234568217,382,6127,327,shampoo,the world's greatest shampoo
1234568218,383,6128,328,shampoo,the world's greatest shampoo
1234568219,384,6129,329,shampoo,the world's greatest shampoo
1234568220,385,6130,330,shampoo,the world's greatest shampoo
1234568221,386,6131,331,shampoo,the world's greatest shampoo
1234568222,387,6132,332,shampoo,the world's greatest shampoo
1234568223,388,6133,333,shampoo,the world's greatest shampoo
1234568224,389,6134,334,shampoo,the world's greatest shampoo
1234568225,390,6135,335,shampoo,the world's greatest shampoo
1234568226,391,6136,336,shampoo,the world's greatest shampoo
1234568227,392,6137,337,shampoo,the world's greatest shampoo
1234568228,393,6138,338,shampoo,the world's greatest shampoo
1234568229,394,6139,339,shampoo,the world's greatest shampoo
1234568230,395,6140,340,shampoo,the world's greatest shampoo
1234568231,396,6141,341,shampoo,the world's greatest shampoo
1234568232,397,6142,342,shampoo,the world's greatest shampoo
1234568233,398,6143,343,shampoo,the world's greatest shampoo
1234568234,399,6144,344,shampoo,the world's greatest shampoo
1234568235,400,6145,345,shampoo,the world's greatest shampoo
1234568236,401,6146,346,shampoo,the world's greatest shampoo
1234568237,402,6147,347,shampoo,the world's greatest shampoo
1234568238,403,6148,348,shampoo,the world's greatest shampoo
1234568239,404,6149,349,shampoo,the world's greatest shampoo
1234568240,405,6150,350,shampoo,the world's greatest shampoo
1234568241,406,6151,351,shampoo,the world's greatest shampoo
1234568242,407,6152,352,shampoo,the world's greatest shampoo
1234568243,408,6153,353,shampoo,the world's greatest shampoo
1234568244,409,6154,354,shampoo,the world's greatest shampoo
1234568245,410,6155,355,shampoo,the world's greatest shampoo
1234568246,411,6156,356,shampoo,the world's greatest shampoo
1234568247,412,6157,357,shampoo,the world's greatest shampoo
1234568248,413,6158,358,shampoo,the world's greatest shampoo
1234568249,414,6159,359,shampoo,the world's greatest shampoo
1234568250,415,6160,360,shampoo,the world's greatest shampoo
1234568251,416,6161,361,shampoo,the world's greatest shampoo
1234568252,417,6162,362,shampoo,the world's greatest shampoo
1234568253,418,6163,363,shampoo,the world's greatest shampoo
1234568254,419,6164,364,shampoo,the world's greatest shampoo
1234568255,420,6165,365,shampoo,the world's greatest shampoo
1234568256,421,6166,366,shampoo,the world's greatest shampoo
1234568257,422,6167,367,shampoo,the world's greatest shampoo
1234568258,423,6168,368,shampoo,the world's greatest shampoo
1234568259,424,6169,369,shampoo,the world's greatest shampoo
1234568260,425,6170,370,shampoo,the world's greatest shampoo
1234568261,426,6171,371,shampoo,the world's greatest shampoo
1234568262,427,6172,372,shampoo,the world's greatest shampoo
1234568263,428,6173,373,shampoo,the world's greatest shampoo
1234568264,429,6174,374,shampoo,the world's greatest shampoo
1234568265,430,6175,375,shampoo,the world's greatest shampoo
1234568266,431,6176,376,shampoo,the world's greatest shampoo
1234568267,432,6177,377,shampoo,the world's greatest shampoo
1234568268,433,6178,378,shampoo,the world's greatest shampoo
1234568269,434,6179,379,shampoo,the world's greatest shampoo
1234568270,435,6180,380,shampoo,the world's greatest shampoo
1234568271,436,6181,381,shampoo,the world's greatest shampoo
1234568272,437,6182,382,shampoo,the world's greatest shampoo
1234568273,438,6183,383,shampoo,the world's greatest shampoo
1234568274,439,6184,384,shampoo,the world's greatest shampoo
1234568275,440,6185,385,shampoo,the world's greatest shampoo
1234568276,441,6186,386,shampoo,the world's greatest shampoo
1234568277,442,6187,387,shampoo,the world's greatest shampoo
1234568278,443,6188,388,shampoo,the world's greatest shampoo
1234568279,444,6189,389,shampoo,the world's greatest shampoo
1234568280,445,6190,390,shampoo,the world's greatest shampoo
1234568281,446,6191,391,shampoo,the world's greatest shampoo
1234568282,447,6192,392,shampoo,the world's greatest shampoo
1234568283,448,6193,393,shampoo,the world's greatest shampoo
1234568284,449,6194,394,shampoo,the world's greatest shampoo
1234568285,450,6195,395,shampoo,the world's greatest shampoo
1234568286,451,6196,396,shampoo,the world's greatest shampoo
1234568287,452,6197,397,shampoo,the world's greatest shampoo
1234568288,453,6198,398,shampoo,the world's greatest shampoo
1234568289,454,6199,399,shampoo,the world's greatest shampoo
1234568290,455,6200,400,shampoo,the world's greatest shampoo
1234568291,456,6201,401,shampoo,the world's greatest shampoo
1234568292,457,6202,402,shampoo,the world's greatest shampoo
1234568293,458,6203,403,shampoo,the world's greatest shampoo
1234568294,459,6204,404,shampoo,the world's greatest shampoo
1234568295,460,6205,405,shampoo,the world's greatest shampoo
1234568296,461,6206,406,shampoo,the world's greatest shampoo
1234568297,462,6207,407,shampoo,the world's greatest shampoo
1234568298,463,6208,408,shampoo,the world's greatest shampoo
1234568299,464,6209,409,shampoo,the world's greatest shampoo
1234568300,465,6210,410,shampoo,the world's greatest shampoo
1234568301,466,6211,411,shampoo,the world's greatest shampoo
1234568302,467,6212,412,shampoo,the world's greatest shampoo
1234568303,468,6213,413,shampoo,the world's greatest shampoo
1234568304,469,6214,414,shampoo,the world's greatest shampoo
1234568305,470,6215,415,shampoo,the world's greatest shampoo
1234568306,471,6216,416,shampoo,the world's greatest shampoo
1234568307,472,6217,417,shampoo,the world's greatest shampoo
1234568308,473,6218,418,shampoo,the world's greatest shampoo
1234568309,474,6219,419,shampoo,the world's greatest shampoo
1234568310,475,6220,420,shampoo,the world's greatest shampoo
1234568311,476,6221,421,shampoo,the world's greatest shampoo
1234568312,477,6222,422,shampoo,the world's greatest shampoo
1234568313,478,6223,423,shampoo,the world's greatest shampoo
1234568314,479,6224,424,shampoo,the world's greatest shampoo
1234568315,480,6225,425,shampoo,the world's greatest shampoo
1234568316,481,6226,426,shampoo,the world's greatest shampoo
1234568317,482,6227,427,shampoo,the world's greatest shampoo
1234568318,483,6228,428,shampoo,the world's greatest shampoo
1234568319,484,6229,429,shampoo,the world's greatest shampoo
1234568320,485,6230,430,shampoo,the world's greatest shampoo
1234568321,486,6231,431,shampoo,the world's greatest shampoo
1234568322,487,6232,432,shampoo,the world's greatest shampoo
1234568323,488,6233,433,shampoo,the world's greatest shampoo
1234568324,489,6234,434,shampoo,the world's greatest shampoo
1234568325,490,6235,435,shampoo,the world's greatest shampoo
1234568326,491,6236,436,shampoo,the world's greatest shampoo
1234568327,492,6237,437,shampoo,the world's greatest shampoo
1234568328,493,6238,438,shampoo,the world's greatest shampoo
1234568329,494,6239,439,shampoo,the world's greatest shampoo
1234568330,495,6240,440,shampoo,the world's greatest shampoo
1234568331,496,6241,441,shampoo,the world's greatest shampoo
1234568332,497,6242,442,shampoo,the world's greatest shampoo
1234568333,498,6243,443,shampoo,the world's greatest shampoo
1234568334,499,6244,444,shampoo,the world's greatest shampoo
1234568335,500,6245,445,shampoo,the world's greatest shampoo
1234568336,501,6246,446,shampoo,the world's greatest shampoo
1234568337,502,6247,447,shampoo,the world's greatest shampoo
1234568338,503,6248,448,shampoo,the world's greatest shampoo
1234568339,504,6249,449,shampoo,the world's greatest shampoo
1234568340,505,6250,450,shampoo,the world's greatest shampoo
1234568341,506,6251,451,shampoo,the world's greatest shampoo
1234568342,507,6252,452,shampoo,the world's greatest shampoo
1234568343,508,6253,453,shampoo,the world's greatest shampoo
1234568344,509,6254,454,shampoo,the world's greatest shampoo
1234568345,510,6255,455,shampoo,the world's greatest shampoo
1234568346,511,6256,456,shampoo,the world's greatest shampoo
1234568347,512,6257,457,shampoo,the world's greatest shampoo
1234568348,513,6258,458,shampoo,the world's greatest shampoo
1234568349,514,6259,459,shampoo,the world's greatest shampoo
1234568350,515,6260,460,shampoo,the world's greatest shampoo
1234568351,516,6261,461,shampoo,the world's greatest shampoo
1234568352,517,6262,462,shampoo,the world's greatest shampoo
1234568353,518,6263,463,shampoo,the world's greatest shampoo
1234568354,519,6264,464,shampoo,the world's greatest shampoo
1234568355,520,6265,465,shampoo,the world's greatest shampoo
1234568356,521,6266,466,shampoo,the world's greatest shampoo
1234568357,522,6267,467,shampoo,the world's greatest shampoo
1234568358,523,6268,468,shampoo,the world's greatest shampoo
1234568359,524,6269,469,shampoo,the world's greatest shampoo
1234568360,525,6270,470,shampoo,the world's greatest shampoo
1234568361,526,6271,471,shampoo,the world's greatest shampoo
1234568362,527,6272,472,shampoo,the world's greatest shampoo
1234568363,528,6273,473,shampoo,the world's greatest shampoo
1234568364,529,6274,474,shampoo,the world's greatest shampoo
1234568365,530,6275,475,shampoo,the world's greatest shampoo
1234568366,531,6276,476,shampoo,the world's greatest shampoo
1234568367,532,6277,477,shampoo,the world's greatest shampoo
1234568368,533,6278,478,shampoo,the world's greatest shampoo
1234568369,534,6279,479,shampoo,the world's greatest shampoo
1234568370,535,6280,480,shampoo,the world's greatest shampoo
1234568371,536,6281,481,shampoo,the world's greatest shampoo
1234568372,537,6282,482,shampoo,the world's greatest shampoo
1234568373,538,6283,483,shampoo,the world's greatest shampoo
1234568374,539,6284,484,shampoo,the world's greatest shampoo
1234568375,540,6285,485,shampoo,the world's greatest shampoo
1234568376,541,6286,486,shampoo,the world's greatest shampoo
1234568377,542,6287,487,shampoo,the world's greatest shampoo
1234568378,543,6288,488,shampoo,the world's greatest shampoo
1234568379,544,6289,489,shampoo,the world's greatest shampoo
1234568380,545,6290,490,shampoo,the world's greatest shampoo
1234568381,546,6291,491,shampoo,the world's greatest shampoo
1234568382,547,6292,492,shampoo,the world's greatest shampoo
1234568383,548,6293,493,shampoo,the world's greatest shampoo
1234568384,549,6294,494,shampoo,the world's greatest shampoo
1234568385,550,6295,495,shampoo,the world's greatest shampoo
1234568386,551,6296,496,shampoo,the world's greatest shampoo
1234568387,552,6297,497,shampoo,the world's greatest shampoo
1234568388,553,6298,498,shampoo,the world's greatest shampoo
1234568389,554,6299,499,shampoo,the world's greatest shampoo
1234568390,555,6300,500,shampoo,the world's greatest shampoo
1234568391,556,6301,501,shampoo,the world's greatest shampoo
1234568392,557,6302,502,shampoo,the world's greatest shampoo
1234568393,558,6303,503,shampoo,the world's greatest shampoo
1234568394,559,6304,504,shampoo,the world's greatest shampoo
1234568395,560,6305,505,shampoo,the world's greatest shampoo
1234568396,561,6306,506,shampoo,the world's greatest shampoo
1234568397,562,6307,507,shampoo,the world's greatest shampoo
1234568398,563,6308,508,shampoo,the world's greatest shampoo
1234568399,564,6309,509,shampoo,the world's greatest shampoo
1234568400,565,6310,510,shampoo,the world's greatest shampoo
1234568401,566,6311,511,shampoo,the world's greatest shampoo
1234568402,567,6312,512,shampoo,the world's greatest shampoo
1234568403,568,6313,513,shampoo,the world's greatest shampoo
1234568404,569,6314,514,shampoo,the world's greatest shampoo
1234568405,570,6315,515,shampoo,the world's greatest shampoo
1234568406,571,6316,516,shampoo,the world's greatest shampoo
1234568407,572,6317,517,shampoo,the world's greatest shampoo
1234568408,573,6318,518,shampoo,the world's greatest shampoo
1234568409,574,6319,519,shampoo,the world's greatest shampoo
1234568410,575,6320,520,shampoo,the world's greatest shampoo
1234568411,576,6321,521,shampoo,the world's greatest shampoo
1234568412,577,6322,522,shampoo,the world's greatest shampoo
1234568413,578,6323,523,shampoo,the world's greatest shampoo
1234568414,579,6324,524,shampoo,the world's greatest shampoo
1234568415,580,6325,525,shampoo,the world's greatest shampoo
1234568416,581,6326,526,shampoo,the world's greatest shampoo
1234568417,582,6327,527,shampoo,the world's greatest shampoo
1234568418,583,6328,528,shampoo,the world's greatest shampoo
1234568419,584,6329,529,shampoo,the world's greatest shampoo
1234568420,585,6330,530,shampoo,the world's greatest shampoo
1234568421,586,6331,531,shampoo,the world's greatest shampoo
1234568422,587,6332,532,shampoo,the world's greatest shampoo
1234568423,588,6333,533,shampoo,the world's greatest shampoo
1234568424,589,6334,534,shampoo,the world's greatest shampoo
1234568425,590,6335,535,shampoo,the world's greatest shampoo
1234568426,591,6336,536,shampoo,the world's greatest shampoo
1234568427,592,6337,537,shampoo,the world's greatest shampoo
1234568428,593,6338,538,shampoo,the world's greatest shampoo
1234568429,594,6339,539,shampoo,the world's greatest shampoo
1234568430,595,6340,540,shampoo,the world's greatest shampoo
1234568431,596,6341,541,shampoo,the world's greatest shampoo
1234568432,597,6342,542,shampoo,the world's greatest shampoo
1234568433,598,6343,543,shampoo,the world's greatest shampoo
1234568434,599,6344,544,shampoo,the world's greatest shampoo
1234568435,600,6345,545,shampoo,the world's greatest shampoo
1234568436,601,6346,546,shampoo,the world's greatest shampoo
1234568437,602,6347,547,shampoo,the world's greatest shampoo
1234568438,603,6348,548,shampoo,the world's greatest shampoo
1234568439,604,6349,549,shampoo,the world's greatest shampoo
1234568440,605,6350,550,shampoo,the world's greatest shampoo
1234568441,606,6351,551,shampoo,the world's greatest shampoo
1234568442,607,6352,552,shampoo,the world's greatest shampoo
1234568443,608,6353,553,shampoo,the world's greatest shampoo
1234568444,609,6354,554,shampoo,the world's greatest shampoo
1234568445,610,6355,555,shampoo,the world's greatest shampoo
1234568446,611,6356,556,shampoo,the world's greatest shampoo
1234568447,612,6357,557,shampoo,the world's greatest shampoo
1234568448,613,6358,558,shampoo,the world's greatest shampoo
1234568449,614,6359,559,shampoo,the world's greatest shampoo
1234568450,615,6360,560,shampoo,the world's greatest shampoo
1234568451,616,6361,561,shampoo,the world's greatest shampoo
1234568452,617,6362,562,shampoo,the world's greatest shampoo
1234568453,618,6363,563,shampoo,the world's greatest shampoo
1234568454,619,6364,564,shampoo,the world's greatest shampoo
1234568455,620,6365,565,shampoo,the world's greatest shampoo
1234568456,621,6366,566,shampoo,the world's greatest shampoo
1234568457,622,6367,567,shampoo,the world's greatest shampoo
1234568458,623,6368,568,shampoo,the world's greatest shampoo
1234568459,624,6369,569,shampoo,the world's greatest shampoo
1234568460,625,6370,570,shampoo,the world's greatest shampoo
1234568461,626,6371,571,shampoo,the world's greatest shampoo
1234568462,627,6372,572,shampoo,the world's greatest shampoo
1234568463,628,6373,573,shampoo,the world's greatest shampoo
1234568464,629,6374,574,shampoo,the world's greatest shampoo
1234568465,630,6375,575,shampoo,the world's greatest shampoo
1234568466,631,6376,576,shampoo,the world's greatest shampoo
1234568467,632,6377,577,shampoo,the world's greatest shampoo
1234568468,633,6378,578,shampoo,the world's greatest shampoo
1234568469,634,6379,579,shampoo,the world's greatest shampoo
1234568470,635,6380,580,shampoo,the world's greatest shampoo
1234568471,636,6381,581,shampoo,the world's greatest shampoo
1234568472,637,6382,582,shampoo,the world's greatest shampoo
1234568473,638,6383,583,shampoo,the world's greatest shampoo
1234568474,639,6384,584,shampoo,the world's greatest shampoo
1234568475,640,6385,585,shampoo,the world's greatest shampoo
1234568476,641,6386,586,shampoo,the world's greatest shampoo
1234568477,642,6387,587,shampoo,the world's greatest shampoo
1234568478,643,6388,588,shampoo,the world's greatest shampoo
1234568479,644,6389,589,shampoo,the world's greatest shampoo
1234568480,645,6390,590,shampoo,the world's greatest shampoo
1234568481,646,6391,591,shampoo,the world's greatest shampoo
1234568482,647,6392,592,shampoo,the world's greatest shampoo
1234568483,648,6393,593,shampoo,the world's greatest shampoo
1234568484,649,6394,594,shampoo,the world's greatest shampoo
1234568485,650,6395,595,shampoo,the world's greatest shampoo
1234568486,651,6396,596,shampoo,the world's greatest shampoo
1234568487,652,6397,597,shampoo,the world's greatest shampoo
1234568488,653,6398,598,shampoo,the world's greatest shampoo
1234568489,654,6399,599,shampoo,the world's greatest shampoo
1234568490,655,6400,600,shampoo,the world's greatest shampoo
1234568491,656,6401,601,shampoo,the world's greatest shampoo
1234568492,657,6402,602,shampoo,the world's greatest shampoo
1234568493,658,6403,603,shampoo,the world's greatest shampoo
1234568494,659,6404,604,shampoo,the world's greatest shampoo
1234568495,660,6405,605,shampoo,the world's greatest shampoo
1234568496,661,6406,606,shampoo,the world's greatest shampoo
1234568497,662,6407,607,shampoo,the world's greatest shampoo
1234568498,663,6408,608,shampoo,the world's greatest shampoo
1234568499,664,6409,609,shampoo,the world's greatest shampoo
1234568500,665,6410,610,shampoo,the world's greatest shampoo
1234568501,666,6411,611,shampoo,the world's greatest shampoo
1234568502,667,6412,612,shampoo,the world's greatest shampoo
1234568503,668,6413,613,shampoo,the world's greatest shampoo
1234568504,669,6414,614,shampoo,the world's greatest shampoo
1234568505,670,6415,615,shampoo,the world's greatest shampoo
1234568506,671,6416,616,shampoo,the world's greatest shampoo
1234568507,672,6417,617,shampoo,the world's greatest shampoo
1234568508,673,6418,618,shampoo,the world's greatest shampoo
1234568509,674,6419,619,shampoo,the world's greatest shampoo
1234568510,675,6420,620,shampoo,the world's greatest shampoo
1234568511,676,6421,621,shampoo,the world's greatest shampoo
1234568512,677,6422,622,shampoo,the world's greatest shampoo
1234568513,678,6423,623,shampoo,the world's greatest shampoo
1234568514,679,6424,624,shampoo,the world's greatest shampoo
1234568515,680,6425,625,shampoo,the world's greatest shampoo
1234568516,681,6426,626,shampoo,the world's greatest shampoo
1234568517,682,6427,627,shampoo,the world's greatest shampoo
1234568518,683,6428,628,shampoo,the world's greatest shampoo
1234568519,684,6429,629,shampoo,the world's greatest shampoo
1234568520,685,6430,630,shampoo,the world's greatest shampoo
1234568521,686,6431,631,shampoo,the world's greatest shampoo
1234568522,687,6432,632,shampoo,the world's greatest shampoo
1234568523,688,6433,633,shampoo,the world's greatest shampoo
1234568524,689,6434,634,shampoo,the world's greatest shampoo
1234568525,690,6435,635,shampoo,the world's greatest shampoo
1234568526,691,6436,636,shampoo,the world's greatest shampoo
1234568527,692,6437,637,shampoo,the world's greatest shampoo
1234568528,693,6438,638,shampoo,the world's greatest shampoo
1234568529,694,6439,639,shampoo,the world's greatest shampoo
1234568530,695,6440,640,shampoo,the world's greatest shampoo
1234568531,696,6441,641,shampoo,the world's greatest shampoo
1234568532,697,6442,642,shampoo,the world's greatest shampoo
1234568533,698,6443,643,shampoo,the world's greatest shampoo
1234568534,699,6444,644,shampoo,the world's greatest shampoo
1234568535,700,6445,645,shampoo,the world's greatest shampoo
1234568536,701,6446,646,shampoo,the world's greatest shampoo
1234568537,702,6447,647,shampoo,the world's greatest shampoo
1234568538,703,6448,648,shampoo,the world's greatest shampoo
1234568539,704,6449,649,shampoo,the world's greatest shampoo
1234568540,705,6450,650,shampoo,the world's greatest shampoo
1234568541,706,6451,651,shampoo,the world's greatest shampoo
1234568542,707,6452,652,shampoo,the world's greatest shampoo
1234568543,708,6453,653,shampoo,the world's greatest shampoo
1234568544,709,6454,654,shampoo,the world's greatest shampoo
1234568545,710,6455,655,shampoo,the world's greatest shampoo
1234568546,711,6456,656,shampoo,the world's greatest shampoo
1234568547,712,6457,657,shampoo,the world's greatest shampoo
1234568548,713,6458,658,shampoo,the world's greatest shampoo
1234568549,714,6459,659,shampoo,the world's greatest shampoo
1234568550,715,6460,660,shampoo,the world's greatest shampoo
1234568551,716,6461,661,shampoo,the world's greatest shampoo
1234568552,717,6462,662,shampoo,the world's greatest shampoo
1234568553,718,6463,663,shampoo,the world's greatest shampoo
1234568554,719,6464,664,shampoo,the world's greatest shampoo
1234568555,720,6465,665,shampoo,the world's greatest shampoo
1234568556,721,6466,666,shampoo,the world's greatest shampoo
1234568557,722,6467,667,shampoo,the world's greatest shampoo
1234568558,723,6468,668,shampoo,the world's greatest shampoo
1234568559,724,6469,669,shampoo,the world's greatest shampoo
1234568560,725,6470,670,shampoo,the world's greatest shampoo
1234568561,726,6471,671,shampoo,the world's greatest shampoo
1234568562,727,6472,672,shampoo,the world's greatest shampoo
1234568563,728,6473,673,shampoo,the world's greatest shampoo
1234568564,729,6474,674,shampoo,the world's greatest shampoo
1234568565,730,6475,675,shampoo,the world's greatest shampoo
1234568566,731,6476,676,shampoo,the world's greatest shampoo
1234568567,732,6477,677,shampoo,the world's greatest shampoo
1234568568,733,6478,678,shampoo,the world's greatest shampoo
1234568569,734,6479,679,shampoo,the world's greatest shampoo
1234568570,735,6480,680,shampoo,the world's greatest shampoo
1234568571,736,6481,681,shampoo,the world's greatest shampoo
1234568572,737,6482,682,shampoo,the world's greatest shampoo
1234568573,738,6483,683,shampoo,the world's greatest shampoo
1234568574,739,6484,684,shampoo,the world's greatest shampoo
1234568575,740,6485,685,shampoo,the world's greatest shampoo
1234568576,741,6486,686,shampoo,the world's greatest shampoo
1234568577,742,6487,687,shampoo,the world's greatest shampoo
1234568578,743,6488,688,shampoo,the world's greatest shampoo
1234568579,744,6489,689,shampoo,the world's greatest shampoo
1234568580,745,6490,690,shampoo,the world's greatest shampoo
1234568581,746,6491,691,shampoo,the world's greatest shampoo
1234568582,747,6492,692,shampoo,the world's greatest shampoo
1234568583,748,6493,693,shampoo,the world's greatest shampoo
1234568584,749,6494,694,shampoo,the world's greatest shampoo
1234568585,750,6495,695,shampoo,the world's greatest shampoo
1234568586,751,6496,696,shampoo,the world's greatest shampoo
1234568587,752,6497,697,shampoo,the world's greatest shampoo
1234568588,753,6498,698,shampoo,the world's greatest shampoo
1234568589,754,6499,699,shampoo,the world's greatest shampoo
1234568590,755,6500,700,shampoo,the world's greatest shampoo
1234568591,756,6501,701,shampoo,the world's greatest shampoo
1234568592,757,6502,702,shampoo,the world's greatest shampoo
1234568593,758,6503,703,shampoo,the world's greatest shampoo
1234568594,759,6504,704,shampoo,the world's greatest shampoo
1234568595,760,6505,705,shampoo,the world's greatest shampoo
1234568596,761,6506,706,shampoo,the world's greatest shampoo
1234568597,762,6507,707,shampoo,the world's greatest shampoo
1234568598,763,6508,708,shampoo,the world's greatest shampoo
1234568599,764,6509,709,shampoo,the world's greatest shampoo
1234568600,765,6510,710,shampoo,the world's greatest shampoo
1234568601,766,6511,711,shampoo,the world's greatest shampoo
1234568602,767,6512,712,shampoo,the world's greatest shampoo
1234568603,768,6513,713,shampoo,the world's greatest shampoo
1234568604,769,6514,714,shampoo,the world's greatest shampoo
1234568605,770,6515,715,shampoo,the world's greatest shampoo
1234568606,771,6516,716,shampoo,the world's greatest shampoo
1234568607,772,6517,717,shampoo,the world's greatest shampoo
1234568608,773,6518,718,shampoo,the world's greatest shampoo
1234568609,774,6519,719,shampoo,the world's greatest shampoo
1234568610,775,6520,720,shampoo,the world's greatest shampoo
1234568611,776,6521,721,shampoo,the world's greatest shampoo
1234568612,777,6522,722,shampoo,the world's greatest shampoo
1234568613,778,6523,723,shampoo,the world's greatest shampoo
1234568614,779,6524,724,shampoo,the world's greatest shampoo
1234568615,780,6525,725,shampoo,the world's greatest shampoo
1234568616,781,6526,726,shampoo,the world's greatest shampoo
1234568617,782,6527,727,shampoo,the world's greatest shampoo
1234568618,783,6528,728,shampoo,the world's greatest shampoo
1234568619,784,6529,729,shampoo,the world's greatest shampoo
1234568620,785,6530,730,shampoo,the world's greatest shampoo
1234568621,786,6531,731,shampoo,the world's greatest shampoo
1234568622,787,6532,732,shampoo,the world's greatest shampoo
1234568623,788,6533,733,shampoo,the world's greatest shampoo
1234568624,789,6534,734,shampoo,the world's greatest shampoo
1234568625,790,6535,735,shampoo,the world's greatest shampoo
1234568626,791,6536,736,shampoo,the world's greatest shampoo
1234568627,792,6537,737,shampoo,the world's greatest shampoo
1234568628,793,6538,738,shampoo,the world's greatest shampoo
1234568629,794,6539,739,shampoo,the world's greatest shampoo
1234568630,795,6540,740,shampoo,the world's greatest shampoo
1234568631,796,6541,741,shampoo,the world's greatest shampoo
1234568632,797,6542,742,shampoo,the world's greatest shampoo
1234568633,798,6543,743,shampoo,the world's greatest shampoo
1234568634,799,6544,744,shampoo,the world's greatest shampoo
1234568635,800,6545,745,shampoo,the world's greatest shampoo
1234568636,801,6546,746,shampoo,the world's greatest shampoo
1234568637,802,6547,747,shampoo,the world's greatest shampoo
1234568638,803,6548,748,shampoo,the world's greatest shampoo
1234568639,804,6549,749,shampoo,the world's greatest shampoo
1234568640,805,6550,750,shampoo,the world's greatest shampoo
1234568641,806,6551,751,shampoo,the world's greatest shampoo
1234568642,807,6552,752,shampoo,the world's greatest shampoo
1234568643,808,6553,753,shampoo,the world's greatest shampoo
1234568644,809,6554,754,shampoo,the world's greatest shampoo
1234568645,810,6555,755,shampoo,the world's greatest shampoo
1234568646,811,6556,756,shampoo,the world's greatest shampoo
1234568647,812,6557,757,shampoo,the world's greatest shampoo
1234568648,813,6558,758,shampoo,the world's greatest shampoo
1234568649,814,6559,759,shampoo,the world's greatest shampoo
1234568650,815,6560,760,shampoo,the world's greatest shampoo
1234568651,816,6561,761,shampoo,the world's greatest shampoo
1234568652,817,6562,762,shampoo,the world's greatest shampoo
1234568653,818,6563,763,shampoo,the world's greatest shampoo
1234568654,819,6564,764,shampoo,the world's greatest shampoo
1234568655,820,6565,765,shampoo,the world's greatest shampoo
1234568656,821,6566,766,shampoo,the world's greatest shampoo
1234568657,822,6567,767,shampoo,the world's greatest shampoo
1234568658,823,6568,768,shampoo,the world's greatest shampoo
1234568659,824,6569,769,shampoo,the world's greatest shampoo
1234568660,825,6570,770,shampoo,the world's greatest shampoo
1234568661,826,6571,771,shampoo,the world's greatest shampoo
1234568662,827,6572,772,shampoo,the world's greatest shampoo
1234568663,828,6573,773,shampoo,the world's greatest shampoo
1234568664,829,6574,774,shampoo,the world's greatest shampoo
1234568665,830,6575,775,shampoo,the world's greatest shampoo
1234568666,831,6576,776,shampoo,the world's greatest shampoo
1234568667,832,6577,777,shampoo,the world's greatest shampoo
1234568668,833,6578,778,shampoo,the world's greatest shampoo
1234568669,834,6579,779,shampoo,the world's greatest shampoo
1234568670,835,6580,780,shampoo,the world's greatest shampoo
1234568671,836,6581,781,shampoo,the world's greatest shampoo
1234568672,837,6582,782,shampoo,the world's greatest shampoo
1234568673,838,6583,783,shampoo,the world's greatest shampoo
1234568674,839,6584,784,shampoo,the world's greatest shampoo
1234568675,840,6585,785,shampoo,the world's greatest shampoo
1234568676,841,6586,786,shampoo,the world's greatest shampoo
1234568677,842,6587,787,shampoo,the world's greatest shampoo
1234568678,843,6588,788,shampoo,the world's greatest shampoo
1234568679,844,6589,789,shampoo,the world's greatest shampoo
1234568680,845,6590,790,shampoo,the world's greatest shampoo
1234568681,846,6591,791,shampoo,the world's greatest shampoo
1234568682,847,6592,792,shampoo,the world's greatest shampoo
1234568683,848,6593,793,shampoo,the world's greatest shampoo
1234568684,849,6594,794,shampoo,the world's greatest shampoo
1234568685,850,6595,795,shampoo,the world's greatest shampoo
1234568686,851,6596,796,shampoo,the world's greatest shampoo
1234568687,852,6597,797,shampoo,the world's greatest shampoo
1234568688,853,6598,798,shampoo,the world's greatest shampoo
1234568689,854,6599,799,shampoo,the world's greatest shampoo
1234568690,855,6600,800,shampoo,the world's greatest shampoo
1234568691,856,6601,801,shampoo,the world's greatest shampoo
1234568692,857,6602,802,shampoo,the world's greatest shampoo
1234568693,858,6603,803,shampoo,the world's greatest shampoo
1234568694,859,6604,804,shampoo,the world's greatest shampoo
1234568695,860,6605,805,shampoo,the world's greatest shampoo
1234568696,861,6606,806,shampoo,the world's greatest shampoo
1234568697,862,6607,807,shampoo,the world's greatest shampoo
1234568698,863,6608,808,shampoo,the world's greatest shampoo
1234568699,864,6609,809,shampoo,the world's greatest shampoo
1234568700,865,6610,810,shampoo,the world's greatest shampoo
1234568701,866,6611,811,shampoo,the world's greatest shampoo
1234568702,867,6612,812,shampoo,the world's greatest shampoo
1234568703,868,6613,813,shampoo,the world's greatest shampoo
1234568704,869,6614,814,shampoo,the world's greatest shampoo
1234568705,870,6615,815,shampoo,the world's greatest shampoo
1234568706,871,6616,816,shampoo,the world's greatest shampoo
1234568707,872,6617,817,shampoo,the world's greatest shampoo
1234568708,873,6618,818,shampoo,the world's greatest shampoo
1234568709,874,6619,819,shampoo,the world's greatest shampoo
1234568710,875,6620,820,shampoo,the world's greatest shampoo
1234568711,876,6621,821,shampoo,the world's greatest shampoo
1234568712,877,6622,822,shampoo,the world's greatest shampoo
1234568713,878,6623,823,shampoo,the world's greatest shampoo
1234568714,879,6624,824,shampoo,the world's greatest shampoo
1234568715,880,6625,825,shampoo,the world's greatest shampoo
1234568716,881,6626,826,shampoo,the world's greatest shampoo
1234568717,882,6627,827,shampoo,the world's greatest shampoo
1234568718,883,6628,828,shampoo,the world's greatest shampoo
1234568719,884,6629,829,shampoo,the world's greatest shampoo
1234568720,885,6630,830,shampoo,the world's greatest shampoo
1234568721,886,6631,831,shampoo,the world's greatest shampoo
1234568722,887,6632,832,shampoo,the world's greatest shampoo
1234568723,888,6633,833,shampoo,the world's greatest shampoo
1234568724,889,6634,834,shampoo,the world's greatest shampoo
1234568725,890,6635,835,shampoo,the world's greatest shampoo
1234568726,891,6636,836,shampoo,the world's greatest shampoo
1234568727,892,6637,837,shampoo,the world's greatest shampoo
1234568728,893,6638,838,shampoo,the world's greatest shampoo
1234568729,894,6639,839,shampoo,the world's greatest shampoo
1234568730,895,6640,840,shampoo,the world's greatest shampoo
1234568731,896,6641,841,shampoo,the world's greatest shampoo
1234568732,897,6642,842,shampoo,the world's greatest shampoo
1234568733,898,6643,843,shampoo,the world's greatest shampoo
1234568734,899,6644,844,shampoo,the world's greatest shampoo
1234568735,900,6645,845,shampoo,the world's greatest shampoo
1234568736,901,6646,846,shampoo,the world's greatest shampoo
1234568737,902,6647,847,shampoo,the world's greatest shampoo
1234568738,903,6648,848,shampoo,the world's greatest shampoo
1234568739,904,6649,849,shampoo,the world's greatest shampoo
1234568740,905,6650,850,shampoo,the world's greatest shampoo
1234568741,906,6651,851,shampoo,the world's greatest shampoo
1234568742,907,6652,852,shampoo,the world's greatest shampoo
1234568743,908,6653,853,shampoo,the world's greatest shampoo
1234568744,909,6654,854,shampoo,the world's greatest shampoo
1234568745,910,6655,855,shampoo,the world's greatest shampoo
1234568746,911,6656,856,shampoo,the world's greatest shampoo
1234568747,912,6657,857,shampoo,the world's greatest shampoo
1234568748,913,6658,858,shampoo,the world's greatest shampoo
1234568749,914,6659,859,shampoo,the world's greatest shampoo
1234568750,915,6660,860,shampoo,the world's greatest shampoo
1234568751,916,6661,861,shampoo,the world's greatest shampoo
1234568752,917,6662,862,shampoo,the world's greatest shampoo
1234568753,918,6663,863,shampoo,the world's greatest shampoo
1234568754,919,6664,864,shampoo,the world's greatest shampoo
1234568755,920,6665,865,shampoo,the world's greatest shampoo
1234568756,921,6666,866,shampoo,the world's greatest shampoo
1234568757,922,6667,867,shampoo,the world's greatest shampoo
1234568758,923,6668,868,shampoo,the world's greatest shampoo
1234568759,924,6669,869,shampoo,the world's greatest shampoo
1234568760,925,6670,870,shampoo,the world's greatest shampoo
1234568761,926,6671,871,shampoo,the world's greatest shampoo
1234568762,927,6672,872,shampoo,the world's greatest shampoo
1234568763,928,6673,873,shampoo,the world's greatest shampoo
1234568764,929,6674,874,shampoo,the world's greatest shampoo
1234568765,930,6675,875,shampoo,the world's greatest shampoo
1234568766,931,6676,876,shampoo,the world's greatest shampoo
1234568767,932,6677,877,shampoo,the world's greatest shampoo
1234568768,933,6678,878,shampoo,the world's greatest shampoo
1234568769,934,6679,879,shampoo,the world's greatest shampoo
1234568770,935,6680,880,shampoo,the world's greatest shampoo
1234568771,936,6681,881,shampoo,the world's greatest shampoo
1234568772,937,6682,882,shampoo,the world's greatest shampoo
1234568773,938,6683,883,shampoo,the world's greatest shampoo
1234568774,939,6684,884,shampoo,the world's greatest shampoo
1234568775,940,6685,885,shampoo,the world's greatest shampoo
1234568776,941,6686,886,shampoo,the world's greatest shampoo
1234568777,942,6687,887,shampoo,the world's greatest shampoo
1234568778,943,6688,888,shampoo,the world's greatest shampoo
1234568779,944,6689,889,shampoo,the world's greatest shampoo
1234568780,945,6690,890,shampoo,the world's greatest shampoo
1234568781,946,6691,891,shampoo,the world's greatest shampoo
1234568782,947,6692,892,shampoo,the world's greatest shampoo
1234568783,948,6693,893,shampoo,the world's greatest shampoo
1234568784,949,6694,894,shampoo,the world's greatest shampoo
1234568785,950,6695,895,shampoo,the world's greatest shampoo
1234568786,951,6696,896,shampoo,the world's greatest shampoo
1234568787,952,6697,897,shampoo,the world's greatest shampoo
1234568788,953,6698,898,shampoo,the world's greatest shampoo
1234568789,954,6699,899,shampoo,the world's greatest shampoo
1234568790,955,6700,900,shampoo,the world's greatest shampoo
1234568791,956,6701,901,shampoo,the world's greatest shampoo
1234568792,957,6702,902,shampoo,the world's greatest shampoo
1234568793,958,6703,903,shampoo,the world's greatest shampoo
1234568794,959,6704,904,shampoo,the world's greatest shampoo
1234568795,960,6705,905,shampoo,the world's greatest shampoo
1234568796,961,6706,906,shampoo,the world's greatest shampoo
1234568797,962,6707,907,shampoo,the world's greatest shampoo
1234568798,963,6708,908,shampoo,the world's greatest shampoo
1234568799,964,6709,909,shampoo,the world's greatest shampoo
1234568800,965,6710,910,shampoo,the world's greatest shampoo
1234568801,966,6711,911,shampoo,the world's greatest shampoo
1234568802,967,6712,912,shampoo,the world's greatest shampoo
1234568803,968,6713,913,shampoo,the world's greatest shampoo
1234568804,969,6714,914,shampoo,the world's greatest shampoo
1234568805,970,6715,915,shampoo,the world's greatest shampoo
1234568806,971,6716,916,shampoo,the world's greatest shampoo
1234568807,972,6717,917,shampoo,the world's greatest shampoo
1234568808,973,6718,918,shampoo,the world's greatest shampoo
1234568809,974,6719,919,shampoo,the world's greatest shampoo
1234568810,975,6720,920,shampoo,the world's greatest shampoo
1234568811,976,6721,921,shampoo,the world's greatest shampoo
1234568812,977,6722,922,shampoo,the world's greatest shampoo
1234568813,978,6723,923,shampoo,the world's greatest shampoo
1234568814,979,6724,924,shampoo,the world's greatest shampoo
1234568815,980,6725,925,shampoo,the world's greatest shampoo
1234568816,981,6726,926,shampoo,the world's greatest shampoo
1234568817,982,6727,927,shampoo,the world's greatest shampoo
1234568818,983,6728,928,shampoo,the world's greatest shampoo
1234568819,984,6729,929,shampoo,the world's greatest shampoo
1234568820,985,6730,930,shampoo,the world's greatest shampoo
1234568821,986,6731,931,shampoo,the world's greatest shampoo
1234568822,987,6732,932,shampoo,the world's greatest shampoo
1234568823,988,6733,933,shampoo,the world's greatest shampoo
1234568824,989,6734,934,shampoo,the world's greatest shampoo
1234568825,990,6735,935,shampoo,the world's greatest shampoo
1234568826,991,6736,936,shampoo,the world's greatest shampoo
1234568827,992,6737,937,shampoo,the world's greatest shampoo
1234568828,993,6738,938,shampoo,the world's greatest shampoo
1234568829,994,6739,939,shampoo,the world's greatest shampoo
1234568830,995,6740,940,shampoo,the world's greatest shampoo
1234568831,996,6741,941,shampoo,the world's greatest shampoo
1234568832,997,6742,942,shampoo,the world's greatest shampoo
1234568833,998,6743,943,shampoo,the world's greatest shampoo
1234568834,999,6744,944,shampoo,the world's greatest shampoo
1234568835,1000,6745,945,shampoo,the world's greatest shampoo
1234568836,1001,6746,946,shampoo,the world's greatest shampoo
1234568837,1002,6747,947,shampoo,the world's greatest shampoo
1234568838,1003,6748,948,shampoo,the world's greatest shampoo
1234568839,1004,6749,949,shampoo,the world's greatest shampoo
1234568840,1005,6750,950,shampoo,the world's greatest shampoo
1234568841,1006,6751,951,shampoo,the world's greatest shampoo
1234568842,1007,6752,952,shampoo,the world's greatest shampoo
1234568843,1008,6753,953,shampoo,the world's greatest shampoo
1234568844,1009,6754,954,shampoo,the world's greatest shampoo
1234568845,1010,6755,955,shampoo,the world's greatest shampoo
1234568846,1011,6756,956,shampoo,the world's greatest shampoo
1234568847,1012,6757,957,shampoo,the world's greatest shampoo
1234568848,1013,6758,958,shampoo,the world's greatest shampoo
1234568849,1014,6759,959,shampoo,the world's greatest shampoo
1234568850,1015,6760,960,shampoo,the world's greatest shampoo
1234568851,1016,6761,961,shampoo,the world's greatest shampoo
1234568852,1017,6762,962,shampoo,the world's greatest shampoo
1234568853,1018,6763,963,shampoo,the world's greatest shampoo
1234568854,1019,6764,964,shampoo,the world's greatest shampoo
1234568855,1020,6765,965,shampoo,the world's greatest shampoo
1234568856,1021,6766,966,shampoo,the world's greatest shampoo
1234568857,1022,6767,967,shampoo,the world's greatest shampoo
1234568858,1023,6768,968,shampoo,the world's greatest shampoo
1234568859,1024,6769,969,shampoo,the world's greatest shampoo
1234568860,1025,6770,970,shampoo,the world's greatest shampoo
1234568861,1026,6771,971,shampoo,the world's greatest shampoo
1234568862,1027,6772,972,shampoo,the world's greatest shampoo
1234568863,1028,6773,973,shampoo,the world's greatest shampoo
1234568864,1029,6774,974,shampoo,the world's greatest shampoo
1234568865,1030,6775,975,shampoo,the world's greatest shampoo
1234568866,1031,6776,976,shampoo,the world's greatest shampoo
1234568867,1032,6777,977,shampoo,the world's greatest shampoo
1234568868,1033,6778,978,shampoo,the world's greatest shampoo
1234568869,1034,6779,979,shampoo,the world's greatest shampoo
1234568870,1035,6780,980,shampoo,the world's greatest shampoo
1234568871,1036,6781,981,shampoo,the world's greatest shampoo
1234568872,1037,6782,982,shampoo,the world's greatest shampoo
1234568873,1038,6783,983,shampoo,the world's greatest shampoo
1234568874,1039,6784,984,shampoo,the world's greatest shampoo
1234568875,1040,6785,985,shampoo,the world's greatest shampoo
1234568876,1041,6786,986,shampoo,the world's greatest shampoo
1234568877,1042,6787,987,shampoo,the world's greatest shampoo
1234568878,1043,6788,988,shampoo,the world's greatest shampoo
1234568879,1044,6789,989,shampoo,the world's greatest shampoo
1234568880,1045,6790,990,shampoo,the world's greatest shampoo
1234568881,1046,6791,991,shampoo,the world's greatest shampoo
1234568882,1047,6792,992,shampoo,the world's greatest shampoo
1234568883,1048,6793,993,shampoo,the world's greatest shampoo
1234568884,1049,6794,994,shampoo,the world's greatest shampoo
1234568885,1050,6795,995,shampoo,the world's greatest shampoo
1234568886,1051,6796,996,shampoo,the world's greatest shampoo
1234568887,1052,6797,997,shampoo,the world's greatest shampoo
1234568888,1053,6798,998,shampoo,the world's greatest shampoo
1234568889,1054,6799,999,shampoo,the world's greatest shampoo
